id,image_url,image_source,description,description_source
rafflesia_arnoldii,https://commons.wikimedia.org/wiki/Special:Redirect/file/Rafflesia_Arnoldii_Batang_Palupuah_Indonesia.jpg?width=1200,https://commons.wikimedia.org/wiki/File:Rafflesia_Arnoldii_Batang_Palupuah_Indonesia.jpg,"Patma raksasa (Rafflesia arnoldi) merupakan entri leksikon flora dalam kingdom Plantae, phylum Tracheophyta, dan kelas Magnoliopsida. Spesies ini tercatat pada family Rafflesiaceae dan genus Rafflesia. Nama Inggris yang tercatat adalah Arnold's rafflesia.",Generated from validated project taxonomy fields
bunga_bangkai_raksasa,https://commons.wikimedia.org/wiki/Special:Redirect/file/Titan-arum1web.jpg?width=1200,https://commons.wikimedia.org/wiki/File:Titan-arum1web.jpg,"Bunga bangkai (Amorphophallus titanum) merupakan entri leksikon flora dalam kingdom Plantae, phylum Tracheophyta, dan kelas Liliopsida. Spesies ini tercatat pada family Araceae dan genus Amorphophallus. Nama Inggris yang tercatat adalah Titan Arum.",Generated from validated project taxonomy fields
meranti_merah,https://commons.wikimedia.org/wiki/Special:Redirect/file/Shorea_leprosula_-_feuilles.jpg?width=1200,https://commons.wikimedia.org/wiki/File:Shorea_leprosula_-_feuilles.jpg,"Meranti Bunga (Shorea leprosula) merupakan entri leksikon flora dalam kingdom Plantae, phylum Tracheophyta, dan kelas Magnoliopsida. Spesies ini tercatat pada family Dipterocarpaceae dan genus Shorea. Nama Inggris yang tercatat adalah Light Red Meranti.",Generated from validated project taxonomy fields
ulin,https://commons.wikimedia.org/wiki/Special:Redirect/file/Eusideroxylon_zwageri.JPG?width=1200,https://commons.wikimedia.org/wiki/File:Eusideroxylon_zwageri.JPG,"Ulin (Eusideroxylon zwageri) merupakan entri leksikon flora dalam kingdom Plantae, phylum Tracheophyta, dan kelas Magnoliopsida. Spesies ini tercatat pada family Lauraceae dan genus Eusideroxylon. Nama Inggris yang tercatat adalah Billian.",Generated from validated project taxonomy fields
cendana,https://commons.wikimedia.org/wiki/Special:Redirect/file/Santalum_album_-_K%C3%B6hler%E2%80%93s_Medizinal-Pflanzen-128.jpg?width=1200,https://commons.wikimedia.org/wiki/File:Santalum_album_-_K%C3%B6hler%E2%80%93s_Medizinal-Pflanzen-128.jpg,"Cendana (Santalum album) merupakan entri leksikon flora dalam kingdom Plantae, phylum Tracheophyta, dan kelas Magnoliopsida. Spesies ini tercatat pada family Santalaceae dan genus Santalum. Nama Inggris yang tercatat adalah Indian Sandalwood.",Generated from validated project taxonomy fields
pala,https://commons.wikimedia.org/wiki/Special:Redirect/file/Myristica_fragrans_at_Elmina_West_in_Seksyen_U15%2C_Shah_Alam_20231126_100924.jpg?width=1200,https://commons.wikimedia.org/wiki/File:Myristica_fragrans_at_Elmina_West_in_Seksyen_U15%2C_Shah_Alam_20231126_100924.jpg,"Pala (Myristica fragrans) merupakan entri leksikon flora dalam kingdom Plantae, phylum Tracheophyta, dan kelas Magnoliopsida. Spesies ini tercatat pada family Myristicaceae dan genus Myristica. Nama Inggris yang tercatat adalah Nutmeg.",Generated from validated project taxonomy fields
sagu,https://commons.wikimedia.org/wiki/Special:Redirect/file/Sago_%28Metroxylon_sagu%29_in_New_Guinea.jpg?width=1200,https://commons.wikimedia.org/wiki/File:Sago_%28Metroxylon_sagu%29_in_New_Guinea.jpg,"Rumbia (Metroxylon sagu) merupakan entri leksikon flora dalam kingdom Plantae, phylum Tracheophyta, dan kelas Liliopsida. Spesies ini tercatat pada family Arecaceae dan genus Metroxylon. Nama Inggris yang tercatat adalah sago palm.",Generated from validated project taxonomy fields
anggrek_bulan,https://commons.wikimedia.org/wiki/Special:Redirect/file/Phalaenopsis_amabilis_Orchi_03.jpg?width=1200,https://commons.wikimedia.org/wiki/File:Phalaenopsis_amabilis_Orchi_03.jpg,"Anggrek bulan (Phalaenopsis amabilis) merupakan entri leksikon flora dalam kingdom Plantae, phylum Tracheophyta, dan kelas Liliopsida. Spesies ini tercatat pada family Orchidaceae dan genus Phalaenopsis. Nama Inggris yang tercatat adalah Moon Orchid.",Generated from validated project taxonomy fields
durian,https://commons.wikimedia.org/wiki/Special:Redirect/file/Durian_Fruit.JPG?width=1200,https://commons.wikimedia.org/wiki/File:Durian_Fruit.JPG,"Durian (Durio zibethinus) merupakan entri leksikon flora dalam kingdom Plantae, phylum Tracheophyta, dan kelas Magnoliopsida. Spesies ini tercatat pada family Malvaceae dan genus Durio. Nama Inggris yang tercatat adalah durian.",Generated from validated project taxonomy fields
kantong_semar,https://commons.wikimedia.org/wiki/Special:Redirect/file/Npectinata.jpg?width=1200,https://commons.wikimedia.org/wiki/File:Npectinata.jpg,"Kantong Semar (Nepenthes gymnamphora) merupakan entri leksikon flora dalam kingdom Plantae, phylum Tracheophyta, dan kelas Magnoliopsida. Spesies ini tercatat pada family Nepenthaceae dan genus Nepenthes. Nama Inggris yang tercatat adalah Tropical Pitcher Plant.",Generated from validated project taxonomy fields
mangga,https://commons.wikimedia.org/wiki/Special:Redirect/file/The_Botanical_Magazine._Mango.jpg?width=1200,https://commons.wikimedia.org/wiki/File:The_Botanical_Magazine._Mango.jpg,"mangga (Mangifera indica) merupakan entri leksikon flora dalam kingdom Plantae, phylum Tracheophyta, dan kelas Magnoliopsida. Spesies ini tercatat pada family Anacardiaceae dan genus Mangifera. Nama Inggris yang tercatat adalah Common Indian Mango.",Generated from validated project taxonomy fields
kelapa,https://commons.wikimedia.org/wiki/Special:Redirect/file/1859-Martinique.web.jpg?width=1200,https://commons.wikimedia.org/wiki/File:1859-Martinique.web.jpg,"kelapa (Cocos nucifera) merupakan entri leksikon flora dalam kingdom Plantae, phylum Tracheophyta, dan kelas Liliopsida. Spesies ini tercatat pada family Arecaceae dan genus Cocos. Nama Inggris yang tercatat adalah coconut palm.",Generated from validated project taxonomy fields
pisang,https://commons.wikimedia.org/wiki/Special:Redirect/file/Bananapao.JPG?width=1200,https://commons.wikimedia.org/wiki/File:Bananapao.JPG,"gedang klutuk (Musa acuminata) merupakan entri leksikon flora dalam kingdom Plantae, phylum Tracheophyta, dan kelas Liliopsida. Spesies ini tercatat pada family Musaceae dan genus Musa. Nama Inggris yang tercatat adalah Wild Banana.",Generated from validated project taxonomy fields
padi,https://commons.wikimedia.org/wiki/Special:Redirect/file/Reis-Rispe.jpg?width=1200,https://commons.wikimedia.org/wiki/File:Reis-Rispe.jpg,"padi (Oryza sativa) merupakan entri leksikon flora dalam kingdom Plantae, phylum Tracheophyta, dan kelas Liliopsida. Spesies ini tercatat pada family Poaceae dan genus Oryza. Nama Inggris yang tercatat adalah oryza molida.",Generated from validated project taxonomy fields
kopi_robusta,https://commons.wikimedia.org/wiki/Special:Redirect/file/Coffea_canephora_berries.JPG?width=1200,https://commons.wikimedia.org/wiki/File:Coffea_canephora_berries.JPG,"Robusta (Coffea canephora) merupakan entri leksikon flora dalam kingdom Plantae, phylum Tracheophyta, dan kelas Magnoliopsida. Spesies ini tercatat pada family Rubiaceae dan genus Coffea. Nama Inggris yang tercatat adalah Robusta Coffee.",Generated from validated project taxonomy fields
kopi_arabika,https://commons.wikimedia.org/wiki/Special:Redirect/file/Coffee_Flowers.JPG?width=1200,https://commons.wikimedia.org/wiki/File:Coffee_Flowers.JPG,"Kopi arabika (Coffea arabica) merupakan entri leksikon flora dalam kingdom Plantae, phylum Tracheophyta, dan kelas Magnoliopsida. Spesies ini tercatat pada family Rubiaceae dan genus Coffea. Nama Inggris yang tercatat adalah Arabica Coffee.",Generated from validated project taxonomy fields
kakao,https://commons.wikimedia.org/wiki/Special:Redirect/file/Digital_Inclusion_in_the_Peruvian_Amazon_-_48138694956.jpg?width=1200,https://commons.wikimedia.org/wiki/File:Digital_Inclusion_in_the_Peruvian_Amazon_-_48138694956.jpg,"Kakao (Theobroma cacao) merupakan entri leksikon flora dalam kingdom Plantae, phylum Tracheophyta, dan kelas Magnoliopsida. Spesies ini tercatat pada family Malvaceae dan genus Theobroma. Nama Inggris yang tercatat adalah cacao.",Generated from validated project taxonomy fields
cengkih,https://commons.wikimedia.org/wiki/Special:Redirect/file/Cengkih.jpg?width=1200,https://commons.wikimedia.org/wiki/File:Cengkih.jpg,"Cengkih (Syzygium aromaticum) merupakan entri leksikon flora dalam kingdom Plantae, phylum Tracheophyta, dan kelas Magnoliopsida. Spesies ini tercatat pada family Myrtaceae dan genus Syzygium. Nama Inggris yang tercatat adalah clove.",Generated from validated project taxonomy fields
lada,https://commons.wikimedia.org/wiki/Special:Redirect/file/Piper_nigrum_-_K%C3%B6hler%E2%80%93s_Medizinal-Pflanzen-107.jpg?width=1200,https://commons.wikimedia.org/wiki/File:Piper_nigrum_-_K%C3%B6hler%E2%80%93s_Medizinal-Pflanzen-107.jpg,"lada (Piper nigrum) merupakan entri leksikon flora dalam kingdom Plantae, phylum Tracheophyta, dan kelas Magnoliopsida. Spesies ini tercatat pada family Piperaceae dan genus Piper. Nama Inggris yang tercatat adalah black pepper.",Generated from validated project taxonomy fields
kayu_manis,https://commons.wikimedia.org/wiki/Special:Redirect/file/Zimtbaum.jpg?width=1200,https://commons.wikimedia.org/wiki/File:Zimtbaum.jpg,"Cinnamomum burmannii (Cinnamomum burmanni) merupakan entri leksikon flora dalam kingdom Plantae, phylum Tracheophyta, dan kelas Magnoliopsida. Spesies ini tercatat pada family Lauraceae dan genus Cinnamomum. Nama Inggris yang tercatat adalah Malaysian cinnamon.",Generated from validated project taxonomy fields
kemiri,https://commons.wikimedia.org/wiki/Special:Redirect/file/Starr_020803-0119_Aleurites_moluccana.jpg?width=1200,https://commons.wikimedia.org/wiki/File:Starr_020803-0119_Aleurites_moluccana.jpg,"Kemiri (Aleurites moluccanus) merupakan entri leksikon flora dalam kingdom Plantae, phylum Tracheophyta, dan kelas Magnoliopsida. Spesies ini tercatat pada family Euphorbiaceae dan genus Aleurites. Nama Inggris yang tercatat adalah Candlenut Tree.",Generated from validated project taxonomy fields
nangka,https://commons.wikimedia.org/wiki/Special:Redirect/file/The_jackfruit_is_holding_on_to_the_tree.jpg?width=1200,https://commons.wikimedia.org/wiki/File:The_jackfruit_is_holding_on_to_the_tree.jpg,"Nangka (Artocarpus heterophyllus) merupakan entri leksikon flora dalam kingdom Plantae, phylum Tracheophyta, dan kelas Magnoliopsida. Spesies ini tercatat pada family Moraceae dan genus Artocarpus. Nama Inggris yang tercatat adalah jackfruit.",Generated from validated project taxonomy fields
sukun,https://commons.wikimedia.org/wiki/Special:Redirect/file/Artocarpus_altilis_%28fruit%29.jpg?width=1200,https://commons.wikimedia.org/wiki/File:Artocarpus_altilis_%28fruit%29.jpg,"Sukun (Artocarpus altilis) merupakan entri leksikon flora dalam kingdom Plantae, phylum Tracheophyta, dan kelas Magnoliopsida. Spesies ini tercatat pada family Moraceae dan genus Artocarpus. Nama Inggris yang tercatat adalah breadfruit.",Generated from validated project taxonomy fields
pinang,https://commons.wikimedia.org/wiki/Special:Redirect/file/Beetle_palm_with_nut_bunch.jpg?width=1200,https://commons.wikimedia.org/wiki/File:Beetle_palm_with_nut_bunch.jpg,"Pinang (Areca catechu) merupakan entri leksikon flora dalam kingdom Plantae, phylum Tracheophyta, dan kelas Liliopsida. Spesies ini tercatat pada family Arecaceae dan genus Areca. Nama Inggris yang tercatat adalah Betel Nut Palm.",Generated from validated project taxonomy fields
nipah,https://commons.wikimedia.org/wiki/Special:Redirect/file/Nipa_palms.jpg?width=1200,https://commons.wikimedia.org/wiki/File:Nipa_palms.jpg,"Nipah (Nypa fruticans) merupakan entri leksikon flora dalam kingdom Plantae, phylum Tracheophyta, dan kelas Liliopsida. Spesies ini tercatat pada family Arecaceae dan genus Nypa. Nama Inggris yang tercatat adalah Nypa Palm.",Generated from validated project taxonomy fields
pandan_laut,https://commons.wikimedia.org/wiki/Special:Redirect/file/Pandanus_tectorius.jpg?width=1200,https://commons.wikimedia.org/wiki/File:Pandanus_tectorius.jpg,"Pandan Pudak (Pandanus tectorius) merupakan entri leksikon flora dalam kingdom Plantae, phylum Tracheophyta, dan kelas Liliopsida. Spesies ini tercatat pada family Pandanaceae dan genus Pandanus. Nama Inggris yang tercatat adalah Seashore Pandan.",Generated from validated project taxonomy fields
pulai,https://commons.wikimedia.org/wiki/Special:Redirect/file/Alstonia_scholaris_at_Sungai_Berang_valley%2C_Kampung_Gunung_20240225_164615.jpg?width=1200,https://commons.wikimedia.org/wiki/File:Alstonia_scholaris_at_Sungai_Berang_valley%2C_Kampung_Gunung_20240225_164615.jpg,"Pulai (Alstonia scholaris) merupakan entri leksikon flora dalam kingdom Plantae, phylum Tracheophyta, dan kelas Magnoliopsida. Spesies ini tercatat pada family Apocynaceae dan genus Alstonia. Nama Inggris yang tercatat adalah Blackboard Tree.",Generated from validated project taxonomy fields
kayu_putih,https://commons.wikimedia.org/wiki/Special:Redirect/file/Cajeput_%282923282356%29.png?width=1200,https://commons.wikimedia.org/wiki/File:Cajeput_%282923282356%29.png,"gelam (Melaleuca cajuputi) merupakan entri leksikon flora dalam kingdom Plantae, phylum Tracheophyta, dan kelas Magnoliopsida. Spesies ini tercatat pada family Myrtaceae dan genus Melaleuca. Nama Inggris yang tercatat adalah Cajuput.",Generated from validated project taxonomy fields
gaharu,https://commons.wikimedia.org/wiki/Special:Redirect/file/Aquilaria_malaccensis_-_Agar_Wood%2C_Eaglewood_-_Indian_Aloewood_at_Munnar_%284%29.jpg?width=1200,https://commons.wikimedia.org/wiki/File:Aquilaria_malaccensis_-_Agar_Wood%2C_Eaglewood_-_Indian_Aloewood_at_Munnar_%284%29.jpg,"Gaharu (Aquilaria malaccensis) merupakan entri leksikon flora dalam kingdom Plantae, phylum Tracheophyta, dan kelas Magnoliopsida. Spesies ini tercatat pada family Thymelaeaceae dan genus Aquilaria. Nama Inggris yang tercatat adalah Agarwood.",Generated from validated project taxonomy fields
cemara_laut,https://commons.wikimedia.org/wiki/Special:Redirect/file/Casuarina_equesitifolia_tree.jpg?width=1200,https://commons.wikimedia.org/wiki/File:Casuarina_equesitifolia_tree.jpg,"cemara laut (Casuarina equisetifolia) merupakan entri leksikon flora dalam kingdom Plantae, phylum Tracheophyta, dan kelas Magnoliopsida. Spesies ini tercatat pada family Casuarinaceae dan genus Casuarina. Nama Inggris yang tercatat adalah Australian pine.",Generated from validated project taxonomy fields
merbau,https://commons.wikimedia.org/wiki/Special:Redirect/file/Intsia_bijuga.jpg?width=1200,https://commons.wikimedia.org/wiki/File:Intsia_bijuga.jpg,"Merbau (Intsia bijuga) merupakan entri leksikon flora dalam kingdom Plantae, phylum Tracheophyta, dan kelas Magnoliopsida. Spesies ini tercatat pada family Fabaceae dan genus Intsia. Nama Inggris yang tercatat adalah Borneo Teak.",Generated from validated project taxonomy fields
beringin,https://commons.wikimedia.org/wiki/Special:Redirect/file/Ficus_benjamina2.jpg?width=1200,https://commons.wikimedia.org/wiki/File:Ficus_benjamina2.jpg,"Beringin (Ficus benjamina) merupakan entri leksikon flora dalam kingdom Plantae, phylum Tracheophyta, dan kelas Magnoliopsida. Spesies ini tercatat pada family Moraceae dan genus Ficus. Nama Inggris yang tercatat adalah weeping fig.",Generated from validated project taxonomy fields
jati,https://commons.wikimedia.org/wiki/Special:Redirect/file/Starr_010304-0485_Tectona_grandis.jpg?width=1200,https://commons.wikimedia.org/wiki/File:Starr_010304-0485_Tectona_grandis.jpg,"Jati (Tectona grandis) merupakan entri leksikon flora dalam kingdom Plantae, phylum Tracheophyta, dan kelas Magnoliopsida. Spesies ini tercatat pada family Lamiaceae dan genus Tectona. Nama Inggris yang tercatat adalah Teak.",Generated from validated project taxonomy fields
mahoni_daun_besar,https://commons.wikimedia.org/wiki/Special:Redirect/file/Leaves_I_IMG_8668.jpg?width=1200,https://commons.wikimedia.org/wiki/File:Leaves_I_IMG_8668.jpg,"Mahoni (Swietenia macrophylla) merupakan entri leksikon flora dalam kingdom Plantae, phylum Tracheophyta, dan kelas Magnoliopsida. Spesies ini tercatat pada family Meliaceae dan genus Swietenia. Nama Inggris yang tercatat adalah Big Leaf Mahogany.",Generated from validated project taxonomy fields
melinjo,https://commons.wikimedia.org/wiki/Special:Redirect/file/Melinjo_%28Gnetum_gnemon%29_%286863727669%29.jpg?width=1200,https://commons.wikimedia.org/wiki/File:Melinjo_%28Gnetum_gnemon%29_%286863727669%29.jpg,"Melinjo (Gnetum gnemon) merupakan entri leksikon flora dalam kingdom Plantae, phylum Tracheophyta, dan kelas Gnetopsida. Spesies ini tercatat pada family Gnetaceae dan genus Gnetum. Nama Inggris yang tercatat adalah buko.",Generated from validated project taxonomy fields
petai,https://commons.wikimedia.org/wiki/Special:Redirect/file/Parkia_speciosa.JPG?width=1200,https://commons.wikimedia.org/wiki/File:Parkia_speciosa.JPG,"petai (Parkia speciosa) merupakan entri leksikon flora dalam kingdom Plantae, phylum Tracheophyta, dan kelas Magnoliopsida. Spesies ini tercatat pada family Fabaceae dan genus Parkia. Nama Inggris yang tercatat adalah Stink bean.",Generated from validated project taxonomy fields
jengkol,https://commons.wikimedia.org/wiki/Special:Redirect/file/Pithecellobium_jiringa.JPG?width=1200,https://commons.wikimedia.org/wiki/File:Pithecellobium_jiringa.JPG,"jengkol (Archidendron pauciflorum) merupakan entri leksikon flora dalam kingdom Plantae, phylum Tracheophyta, dan kelas Magnoliopsida. Spesies ini tercatat pada family Fabaceae dan genus Archidendron. Nama Inggris yang tercatat adalah Djenkol Tree.",Generated from validated project taxonomy fields
kecombrang,https://commons.wikimedia.org/wiki/Special:Redirect/file/Etlingera_elatior_dsc03700.jpg?width=1200,https://commons.wikimedia.org/wiki/File:Etlingera_elatior_dsc03700.jpg,"Kecombrang (Etlingera elatior) merupakan entri leksikon flora dalam kingdom Plantae, phylum Tracheophyta, dan kelas Liliopsida. Spesies ini tercatat pada family Zingiberaceae dan genus Etlingera. Nama Inggris yang tercatat adalah Torch Ginger.",Generated from validated project taxonomy fields
jahe,https://commons.wikimedia.org/wiki/Special:Redirect/file/Ginger_Plant_vs.jpg?width=1200,https://commons.wikimedia.org/wiki/File:Ginger_Plant_vs.jpg,"jahe (Zingiber officinale) merupakan entri leksikon flora dalam kingdom Plantae, phylum Tracheophyta, dan kelas Liliopsida. Spesies ini tercatat pada family Zingiberaceae dan genus Zingiber. Nama Inggris yang tercatat adalah ginger.",Generated from validated project taxonomy fields
kunyit,https://commons.wikimedia.org/wiki/Special:Redirect/file/Curcuma_longa_%28Haldi%29_W_IMG_2440.jpg?width=1200,https://commons.wikimedia.org/wiki/File:Curcuma_longa_%28Haldi%29_W_IMG_2440.jpg,"kunyit (Curcuma longa) merupakan entri leksikon flora dalam kingdom Plantae, phylum Tracheophyta, dan kelas Liliopsida. Spesies ini tercatat pada family Zingiberaceae dan genus Curcuma. Nama Inggris yang tercatat adalah Turmeric.",Generated from validated project taxonomy fields
lengkuas,https://commons.wikimedia.org/wiki/Special:Redirect/file/Maranta_galanga_Ypey51.jpg?width=1200,https://commons.wikimedia.org/wiki/File:Maranta_galanga_Ypey51.jpg,"lengkuas (Alpinia galanga) merupakan entri leksikon flora dalam kingdom Plantae, phylum Tracheophyta, dan kelas Liliopsida. Spesies ini tercatat pada family Zingiberaceae dan genus Alpinia. Nama Inggris yang tercatat adalah greater galangal.",Generated from validated project taxonomy fields
serai,https://commons.wikimedia.org/wiki/Special:Redirect/file/YosriNov04Pokok_Serai.JPG?width=1200,https://commons.wikimedia.org/wiki/File:YosriNov04Pokok_Serai.JPG,"serai (Cymbopogon citratus) merupakan entri leksikon flora dalam kingdom Plantae, phylum Tracheophyta, dan kelas Liliopsida. Spesies ini tercatat pada family Poaceae dan genus Cymbopogon. Nama Inggris yang tercatat adalah Lemon Grass.",Generated from validated project taxonomy fields
pandan_wangi,https://commons.wikimedia.org/wiki/Special:Redirect/file/Chottola.jpg?width=1200,https://commons.wikimedia.org/wiki/File:Chottola.jpg,"pandan wangi (Pandanus amaryllifolius) merupakan entri leksikon flora dalam kingdom Plantae, phylum Tracheophyta, dan kelas Liliopsida. Spesies ini tercatat pada family Pandanaceae dan genus Pandanus. Nama Inggris yang tercatat adalah Fragrant Pandan.",Generated from validated project taxonomy fields
belimbing,https://commons.wikimedia.org/wiki/Special:Redirect/file/Averrhoa_carambola2.jpg?width=1200,https://commons.wikimedia.org/wiki/File:Averrhoa_carambola2.jpg,"Belimbing (Averrhoa carambola) merupakan entri leksikon flora dalam kingdom Plantae, phylum Tracheophyta, dan kelas Magnoliopsida. Spesies ini tercatat pada family Oxalidaceae dan genus Averrhoa. Nama Inggris yang tercatat adalah star fruit.",Generated from validated project taxonomy fields
manggis,https://commons.wikimedia.org/wiki/Special:Redirect/file/Berthe_Hoola_van_Nooten48.jpg?width=1200,https://commons.wikimedia.org/wiki/File:Berthe_Hoola_van_Nooten48.jpg,"Manggis (Garcinia mangostana) merupakan entri leksikon flora dalam kingdom Plantae, phylum Tracheophyta, dan kelas Magnoliopsida. Spesies ini tercatat pada family Clusiaceae dan genus Garcinia. Nama Inggris yang tercatat adalah Mangosteen.",Generated from validated project taxonomy fields
duku,https://commons.wikimedia.org/wiki/Special:Redirect/file/Lanzones.jpg?width=1200,https://commons.wikimedia.org/wiki/File:Lanzones.jpg,"Duku (Lansium domesticum) merupakan entri leksikon flora dalam kingdom Plantae, phylum Tracheophyta, dan kelas Magnoliopsida. Spesies ini tercatat pada family Meliaceae dan genus Lansium. Nama Inggris yang tercatat adalah langsat.",Generated from validated project taxonomy fields
rambutan,https://commons.wikimedia.org/wiki/Special:Redirect/file/Rambutan_masak_didahan.JPG?width=1200,https://commons.wikimedia.org/wiki/File:Rambutan_masak_didahan.JPG,"rambutan (Nephelium lappaceum) merupakan entri leksikon flora dalam kingdom Plantae, phylum Tracheophyta, dan kelas Magnoliopsida. Spesies ini tercatat pada family Sapindaceae dan genus Nephelium. Nama Inggris yang tercatat adalah pulasan.",Generated from validated project taxonomy fields
salak,https://commons.wikimedia.org/wiki/Special:Redirect/file/Salak_Salacca_zalacca.jpg?width=1200,https://commons.wikimedia.org/wiki/File:Salak_Salacca_zalacca.jpg,"salak (Salacca zalacca) merupakan entri leksikon flora dalam kingdom Plantae, phylum Tracheophyta, dan kelas Liliopsida. Spesies ini tercatat pada family Arecaceae dan genus Salacca. Nama Inggris yang tercatat adalah Snakefruit.",Generated from validated project taxonomy fields
bakau_minyak,https://commons.wikimedia.org/wiki/Special:Redirect/file/Thakafathi.JPG?width=1200,https://commons.wikimedia.org/wiki/File:Thakafathi.JPG,"Bakau minyak (Rhizophora apiculata) merupakan entri leksikon flora dalam kingdom Plantae, phylum Tracheophyta, dan kelas Magnoliopsida. Spesies ini tercatat pada family Rhizophoraceae dan genus Rhizophora. Nama Inggris yang tercatat adalah mangrove.",Generated from validated project taxonomy fields
ketapang,https://commons.wikimedia.org/wiki/Special:Redirect/file/01423jfCapalangan_Sulipan_Apalit_Pampanga_Peters_Trees_Shrinesfvf_20.JPG?width=1200,https://commons.wikimedia.org/wiki/File:01423jfCapalangan_Sulipan_Apalit_Pampanga_Peters_Trees_Shrinesfvf_20.JPG,"Ketapang (Terminalia catappa) merupakan entri leksikon flora dalam kingdom Plantae, phylum Tracheophyta, dan kelas Magnoliopsida. Spesies ini tercatat pada family Combretaceae dan genus Terminalia. Nama Inggris yang tercatat adalah India almond.",Generated from validated project taxonomy fields
kucing,https://commons.wikimedia.org/wiki/Special:Redirect/file/Cat_November_2010-1a.jpg?width=1200,https://commons.wikimedia.org/wiki/File:Cat_November_2010-1a.jpg,"Kucing Domestik (Felis catus) merupakan entri leksikon fauna dalam kingdom Animalia, phylum Chordata, dan kelas Mammalia. Spesies ini tercatat pada family Felidae dan genus Felis. Nama Inggris yang tercatat adalah Domestic Cat.",Generated from validated project taxonomy fields
harimau,https://commons.wikimedia.org/wiki/Special:Redirect/file/Adult_male_Royal_Bengal_tiger.jpg?width=1200,https://commons.wikimedia.org/wiki/File:Adult_male_Royal_Bengal_tiger.jpg,"harimau (Panthera tigris) merupakan entri leksikon fauna dalam kingdom Animalia, phylum Chordata, dan kelas Mammalia. Spesies ini tercatat pada family Felidae dan genus Panthera. Nama Inggris yang tercatat adalah tiger.",Generated from validated project taxonomy fields
orangutan_sumatra,https://commons.wikimedia.org/wiki/Special:Redirect/file/Orangutan-Columbus-zoo.JPG?width=1200,https://commons.wikimedia.org/wiki/File:Orangutan-Columbus-zoo.JPG,"Orangutan sumatera (Pongo abelii) merupakan entri leksikon fauna dalam kingdom Animalia, phylum Chordata, dan kelas Mammalia. Spesies ini tercatat pada family Hominidae dan genus Pongo. Nama Inggris yang tercatat adalah Sumatran orangutan.",Generated from validated project taxonomy fields
orangutan_kalimantan,https://commons.wikimedia.org/wiki/Special:Redirect/file/OrangutanP1.jpg?width=1200,https://commons.wikimedia.org/wiki/File:OrangutanP1.jpg,"Orangutan kalimantan (Pongo pygmaeus) merupakan entri leksikon fauna dalam kingdom Animalia, phylum Chordata, dan kelas Mammalia. Spesies ini tercatat pada family Hominidae dan genus Pongo. Nama Inggris yang tercatat adalah Bornean orangutan.",Generated from validated project taxonomy fields
komodo,https://commons.wikimedia.org/wiki/Special:Redirect/file/Komodo_dragon_Varanus_komodoensis_Ragunan_Zoo_2.JPG?width=1200,https://commons.wikimedia.org/wiki/File:Komodo_dragon_Varanus_komodoensis_Ragunan_Zoo_2.JPG,"komodo (Varanus komodoensis) merupakan entri leksikon fauna dalam kingdom Animalia, phylum Chordata, dan kelas Reptilia. Spesies ini tercatat pada family Varanidae dan genus Varanus. Nama Inggris yang tercatat adalah Komodo dragon.",Generated from validated project taxonomy fields
jalak_bali,https://commons.wikimedia.org/wiki/Special:Redirect/file/Bali_Myna_0A2A9443.jpg?width=1200,https://commons.wikimedia.org/wiki/File:Bali_Myna_0A2A9443.jpg,"jalak bali (Leucopsar rothschildi) merupakan entri leksikon fauna dalam kingdom Animalia, phylum Chordata, dan kelas Aves. Spesies ini tercatat pada family Sturnidae dan genus Leucopsar. Nama Inggris yang tercatat adalah Bali Myna.",Generated from validated project taxonomy fields
elang_jawa,https://commons.wikimedia.org/wiki/Special:Redirect/file/ELJA.jpg?width=1200,https://commons.wikimedia.org/wiki/File:ELJA.jpg,"Elang jawa (Nisaetus bartelsi) merupakan entri leksikon fauna dalam kingdom Animalia, phylum Chordata, dan kelas Aves. Spesies ini tercatat pada family Accipitridae dan genus Nisaetus. Nama Inggris yang tercatat adalah Javan hawk-eagle.",Generated from validated project taxonomy fields
babirusa_sulawesi,https://commons.wikimedia.org/wiki/Special:Redirect/file/Hirscheber1a.jpg?width=1200,https://commons.wikimedia.org/wiki/File:Hirscheber1a.jpg,"Babirusa sulawesi-utara (Babyrousa celebensis) merupakan entri leksikon fauna dalam kingdom Animalia, phylum Chordata, dan kelas Mammalia. Spesies ini tercatat pada family Suidae dan genus Babyrousa. Nama Inggris yang tercatat adalah North Sulawesi babirusa.",Generated from validated project taxonomy fields
maleo,https://commons.wikimedia.org/wiki/Special:Redirect/file/Stavenn_Maleo.jpg?width=1200,https://commons.wikimedia.org/wiki/File:Stavenn_Maleo.jpg,"maleo senkawor (Macrocephalon maleo) merupakan entri leksikon fauna dalam kingdom Animalia, phylum Chordata, dan kelas Aves. Spesies ini tercatat pada family Megapodiidae dan genus Macrocephalon. Nama Inggris yang tercatat adalah Maleo.",Generated from validated project taxonomy fields
gajah_sumatra,https://commons.wikimedia.org/wiki/Special:Redirect/file/Elephas_maximus_%28Bandipur%29.jpg?width=1200,https://commons.wikimedia.org/wiki/File:Elephas_maximus_%28Bandipur%29.jpg,"Gajah Asia (Elephas maximus) merupakan entri leksikon fauna dalam kingdom Animalia, phylum Chordata, dan kelas Mammalia. Spesies ini tercatat pada family Elephantidae dan genus Elephas. Nama Inggris yang tercatat adalah Asian elephant.",Generated from validated project taxonomy fields
badak_jawa,https://commons.wikimedia.org/wiki/Special:Redirect/file/Rhinoceros_sondaicus_in_London_Zoo.jpg?width=1200,https://commons.wikimedia.org/wiki/File:Rhinoceros_sondaicus_in_London_Zoo.jpg,"Badak Sunda (Rhinoceros sondaicus) merupakan entri leksikon fauna dalam kingdom Animalia, phylum Chordata, dan kelas Mammalia. Spesies ini tercatat pada family Rhinocerotidae dan genus Rhinoceros. Nama Inggris yang tercatat adalah Javan rhinoceros.",Generated from validated project taxonomy fields
badak_sumatra,https://commons.wikimedia.org/wiki/Special:Redirect/file/Sumatran_Rhino_2.jpg?width=1200,https://commons.wikimedia.org/wiki/File:Sumatran_Rhino_2.jpg,"badak sumatra (Dicerorhinus sumatrensis) merupakan entri leksikon fauna dalam kingdom Animalia, phylum Chordata, dan kelas Mammalia. Spesies ini tercatat pada family Rhinocerotidae dan genus Dicerorhinus. Nama Inggris yang tercatat adalah Sumatran rhinoceros.",Generated from validated project taxonomy fields
bekantan,https://commons.wikimedia.org/wiki/Special:Redirect/file/Proboscis_Monkey_in_Borneo.jpg?width=1200,https://commons.wikimedia.org/wiki/File:Proboscis_Monkey_in_Borneo.jpg,"bekantan (Nasalis larvatus) merupakan entri leksikon fauna dalam kingdom Animalia, phylum Chordata, dan kelas Mammalia. Spesies ini tercatat pada family Cercopithecidae dan genus Nasalis. Nama Inggris yang tercatat adalah Proboscis Monkey.",Generated from validated project taxonomy fields
yaki,https://commons.wikimedia.org/wiki/Special:Redirect/file/Crested_Black_Macaque_%28Macaca_nigra%29.jpg?width=1200,https://commons.wikimedia.org/wiki/File:Crested_Black_Macaque_%28Macaca_nigra%29.jpg,"monyet hitam sulawesi (Macaca nigra) merupakan entri leksikon fauna dalam kingdom Animalia, phylum Chordata, dan kelas Mammalia. Spesies ini tercatat pada family Cercopithecidae dan genus Macaca. Nama Inggris yang tercatat adalah Celebes Crested Macaque.",Generated from validated project taxonomy fields
tangkasi,https://commons.wikimedia.org/wiki/Special:Redirect/file/Tarsius_tarsier_Tandurusa_zoo.JPG?width=1200,https://commons.wikimedia.org/wiki/File:Tarsius_tarsier_Tandurusa_zoo.JPG,"Tangkasi (Tarsius tarsier) merupakan entri leksikon fauna dalam kingdom Animalia, phylum Chordata, dan kelas Mammalia. Spesies ini tercatat pada family Tarsiidae dan genus Tarsius. Nama Inggris yang tercatat adalah Spectral tarsier.",Generated from validated project taxonomy fields
anoa_dataran_rendah,https://commons.wikimedia.org/wiki/Special:Redirect/file/Lowland_anoa.jpg?width=1200,https://commons.wikimedia.org/wiki/File:Lowland_anoa.jpg,"Anoa Dataran Rendah (Bubalus depressicornis) merupakan entri leksikon fauna dalam kingdom Animalia, phylum Chordata, dan kelas Mammalia. Spesies ini tercatat pada family Bovidae dan genus Bubalus. Nama Inggris yang tercatat adalah Lowland Anoa.",Generated from validated project taxonomy fields
anoa_pegunungan,https://commons.wikimedia.org/wiki/Special:Redirect/file/Buablus_quarlesi2.jpg?width=1200,https://commons.wikimedia.org/wiki/File:Buablus_quarlesi2.jpg,"anoa pegunungan (Bubalus quarlesi) merupakan entri leksikon fauna dalam kingdom Animalia, phylum Chordata, dan kelas Mammalia. Spesies ini tercatat pada family Bovidae dan genus Bubalus. Nama Inggris yang tercatat adalah mountain anoa.",Generated from validated project taxonomy fields
babi_sulawesi,https://commons.wikimedia.org/wiki/Special:Redirect/file/Sus_celebensis_416841925.jpg?width=1200,https://commons.wikimedia.org/wiki/File:Sus_celebensis_416841925.jpg,"Babi varu (Sus celebensis) merupakan entri leksikon fauna dalam kingdom Animalia, phylum Chordata, dan kelas Mammalia. Spesies ini tercatat pada family Suidae dan genus Sus. Nama Inggris yang tercatat adalah Celebes warty pig.",Generated from validated project taxonomy fields
beruang_madu,https://commons.wikimedia.org/wiki/Special:Redirect/file/Sitting_sun_bear.jpg?width=1200,https://commons.wikimedia.org/wiki/File:Sitting_sun_bear.jpg,"Beruang madu (Helarctos malayanus) merupakan entri leksikon fauna dalam kingdom Animalia, phylum Chordata, dan kelas Mammalia. Spesies ini tercatat pada family Ursidae dan genus Helarctos. Nama Inggris yang tercatat adalah Sun Bear.",Generated from validated project taxonomy fields
macan_dahan_sunda,https://commons.wikimedia.org/wiki/Special:Redirect/file/Borneo_clouded_leopard.jpg?width=1200,https://commons.wikimedia.org/wiki/File:Borneo_clouded_leopard.jpg,"Macan dahan Sunda (Neofelis diardi) merupakan entri leksikon fauna dalam kingdom Animalia, phylum Chordata, dan kelas Mammalia. Spesies ini tercatat pada family Felidae dan genus Neofelis. Nama Inggris yang tercatat adalah Sunda clouded leopard.",Generated from validated project taxonomy fields
kucing_kuwuk,https://commons.wikimedia.org/wiki/Special:Redirect/file/Close-up_of_a_Leopard_Cat_in_Sundarban.jpg?width=1200,https://commons.wikimedia.org/wiki/File:Close-up_of_a_Leopard_Cat_in_Sundarban.jpg,"Kucing kuwuk (Prionailurus bengalensis) merupakan entri leksikon fauna dalam kingdom Animalia, phylum Chordata, dan kelas Mammalia. Spesies ini tercatat pada family Felidae dan genus Prionailurus. Nama Inggris yang tercatat adalah leopard cat.",Generated from validated project taxonomy fields
ajag,https://commons.wikimedia.org/wiki/Special:Redirect/file/Dhole_%28Asiatic_wild_dog%29_cropped.jpg?width=1200,https://commons.wikimedia.org/wiki/File:Dhole_%28Asiatic_wild_dog%29_cropped.jpg,"Ajak (Cuon alpinus) merupakan entri leksikon fauna dalam kingdom Animalia, phylum Chordata, dan kelas Mammalia. Spesies ini tercatat pada family Canidae dan genus Cuon. Nama Inggris yang tercatat adalah dhole.",Generated from validated project taxonomy fields
rusa_timor,https://commons.wikimedia.org/wiki/Special:Redirect/file/Rusa_Deer_%28C._Timorensis%29.jpg?width=1200,https://commons.wikimedia.org/wiki/File:Rusa_Deer_%28C._Timorensis%29.jpg,"Rusa Jawa (Rusa timorensis) merupakan entri leksikon fauna dalam kingdom Animalia, phylum Chordata, dan kelas Mammalia. Spesies ini tercatat pada family Cervidae dan genus Rusa. Nama Inggris yang tercatat adalah Javan rusa.",Generated from validated project taxonomy fields
rusa_bawean,https://commons.wikimedia.org/wiki/Special:Redirect/file/Adult_male_Bawean_deer_Axis_kuhlii.JPG?width=1200,https://commons.wikimedia.org/wiki/File:Adult_male_Bawean_deer_Axis_kuhlii.JPG,"Rusa Bawean (Axis kuhlii) merupakan entri leksikon fauna dalam kingdom Animalia, phylum Chordata, dan kelas Mammalia. Spesies ini tercatat pada family Cervidae dan genus Axis. Nama Inggris yang tercatat adalah Bawean Deer.",Generated from validated project taxonomy fields
banteng,https://commons.wikimedia.org/wiki/Special:Redirect/file/Bos_javanicus_javanicus.jpg?width=1200,https://commons.wikimedia.org/wiki/File:Bos_javanicus_javanicus.jpg,"Banteng (Bos javanicus) merupakan entri leksikon fauna dalam kingdom Animalia, phylum Chordata, dan kelas Mammalia. Spesies ini tercatat pada family Bovidae dan genus Bos. Nama Inggris yang tercatat adalah Banteng.",Generated from validated project taxonomy fields
trenggiling,https://commons.wikimedia.org/wiki/Special:Redirect/file/Pangolin_borneo.jpg?width=1200,https://commons.wikimedia.org/wiki/File:Pangolin_borneo.jpg,"Trenggiling biasa (Manis javanica) merupakan entri leksikon fauna dalam kingdom Animalia, phylum Chordata, dan kelas Mammalia. Spesies ini tercatat pada family Manidae dan genus Manis. Nama Inggris yang tercatat adalah Sunda pangolin.",Generated from validated project taxonomy fields
binturong,https://commons.wikimedia.org/wiki/Special:Redirect/file/Binturong_in_Overloon.jpg?width=1200,https://commons.wikimedia.org/wiki/File:Binturong_in_Overloon.jpg,"Binturung (Arctictis binturong) merupakan entri leksikon fauna dalam kingdom Animalia, phylum Chordata, dan kelas Mammalia. Spesies ini tercatat pada family Viverridae dan genus Arctictis. Nama Inggris yang tercatat adalah binturong.",Generated from validated project taxonomy fields
kuskus_beruang_sulawesi,https://commons.wikimedia.org/wiki/Special:Redirect/file/Ailurops_ursinus_Naemundung_2_North_Sulawesi.jpg?width=1200,https://commons.wikimedia.org/wiki/File:Ailurops_ursinus_Naemundung_2_North_Sulawesi.jpg,"kuskus beruang sulawesi (Ailurops ursinus) merupakan entri leksikon fauna dalam kingdom Animalia, phylum Chordata, dan kelas Mammalia. Spesies ini tercatat pada family Phalangeridae dan genus Ailurops. Nama Inggris yang tercatat adalah Bear Cuscus.",Generated from validated project taxonomy fields
kuskus_tutul,https://commons.wikimedia.org/wiki/Special:Redirect/file/Cuscus1.jpg?width=1200,https://commons.wikimedia.org/wiki/File:Cuscus1.jpg,"Kuskus Tutul (Spilocuscus maculatus) merupakan entri leksikon fauna dalam kingdom Animalia, phylum Chordata, dan kelas Mammalia. Spesies ini tercatat pada family Phalangeridae dan genus Spilocuscus. Nama Inggris yang tercatat adalah Common spotted cuscus.",Generated from validated project taxonomy fields
cenderawasih_besar,https://commons.wikimedia.org/wiki/Special:Redirect/file/Paradisaea_apoda_-Bali_Bird_Park-6.jpg?width=1200,https://commons.wikimedia.org/wiki/File:Paradisaea_apoda_-Bali_Bird_Park-6.jpg,"cenderawasih kuning-besar (Paradisaea apoda) merupakan entri leksikon fauna dalam kingdom Animalia, phylum Chordata, dan kelas Aves. Spesies ini tercatat pada family Paradisaeidae dan genus Paradisaea. Nama Inggris yang tercatat adalah Greater Bird-of-paradise.",Generated from validated project taxonomy fields
cenderawasih_kecil,https://commons.wikimedia.org/wiki/Special:Redirect/file/Lesser_Bird_of_Paradise.jpg?width=1200,https://commons.wikimedia.org/wiki/File:Lesser_Bird_of_Paradise.jpg,"cenderawasih kuning-kecil (Paradisaea minor) merupakan entri leksikon fauna dalam kingdom Animalia, phylum Chordata, dan kelas Aves. Spesies ini tercatat pada family Paradisaeidae dan genus Paradisaea. Nama Inggris yang tercatat adalah Lesser Bird-of-paradise.",Generated from validated project taxonomy fields
cenderawasih_raja,https://commons.wikimedia.org/wiki/Special:Redirect/file/Cicinnurus_regius-20031005.jpg?width=1200,https://commons.wikimedia.org/wiki/File:Cicinnurus_regius-20031005.jpg,"cenderawasih raja (Cicinnurus regius) merupakan entri leksikon fauna dalam kingdom Animalia, phylum Chordata, dan kelas Aves. Spesies ini tercatat pada family Paradisaeidae dan genus Cicinnurus. Nama Inggris yang tercatat adalah King Bird-of-paradise.",Generated from validated project taxonomy fields
kakatua_kecil_jambul_kuning,https://commons.wikimedia.org/wiki/Special:Redirect/file/Gelbwangenkakadu_8559.jpg?width=1200,https://commons.wikimedia.org/wiki/File:Gelbwangenkakadu_8559.jpg,"kakatua-kecil jambul-kuning (Cacatua sulphurea) merupakan entri leksikon fauna dalam kingdom Animalia, phylum Chordata, dan kelas Aves. Spesies ini tercatat pada family Psittacidae dan genus Cacatua. Nama Inggris yang tercatat adalah Yellow-crested Cockatoo.",Generated from validated project taxonomy fields
kakatua_raja,https://commons.wikimedia.org/wiki/Special:Redirect/file/Probosciger_aterrimus%2C_Cape_York_1.jpg?width=1200,https://commons.wikimedia.org/wiki/File:Probosciger_aterrimus%2C_Cape_York_1.jpg,"kakatua raja (Probosciger aterrimus) merupakan entri leksikon fauna dalam kingdom Animalia, phylum Chordata, dan kelas Aves. Spesies ini tercatat pada family Psittacidae dan genus Probosciger. Nama Inggris yang tercatat adalah Palm Cockatoo.",Generated from validated project taxonomy fields
nuri_kepala_hitam,https://commons.wikimedia.org/wiki/Special:Redirect/file/Lorius_lory-20051118.jpg?width=1200,https://commons.wikimedia.org/wiki/File:Lorius_lory-20051118.jpg,"kasturi kepala-hitam (Lorius lory) merupakan entri leksikon fauna dalam kingdom Animalia, phylum Chordata, dan kelas Aves. Spesies ini tercatat pada family Psittacidae dan genus Lorius. Nama Inggris yang tercatat adalah Black-capped Lory.",Generated from validated project taxonomy fields
nuri_merah,https://commons.wikimedia.org/wiki/Special:Redirect/file/Eos_bornea_-Taronga_Zoo%2C_Sydney%2C_Australia-8a_%281%29.jpg?width=1200,https://commons.wikimedia.org/wiki/File:Eos_bornea_-Taronga_Zoo%2C_Sydney%2C_Australia-8a_%281%29.jpg,"nuri maluku (Eos bornea) merupakan entri leksikon fauna dalam kingdom Animalia, phylum Chordata, dan kelas Aves. Spesies ini tercatat pada family Psittacidae dan genus Eos. Nama Inggris yang tercatat adalah Red Lory.",Generated from validated project taxonomy fields
tiong_emas,https://commons.wikimedia.org/wiki/Special:Redirect/file/Common_Hill_Myna%2C_Satchari_NP%2C_Bangladesh_1.jpg?width=1200,https://commons.wikimedia.org/wiki/File:Common_Hill_Myna%2C_Satchari_NP%2C_Bangladesh_1.jpg,"tiong emas (Gracula religiosa) merupakan entri leksikon fauna dalam kingdom Animalia, phylum Chordata, dan kelas Aves. Spesies ini tercatat pada family Sturnidae dan genus Gracula. Nama Inggris yang tercatat adalah Common Hill Myna.",Generated from validated project taxonomy fields
rangkong_badak,https://commons.wikimedia.org/wiki/Special:Redirect/file/Hornbill_2.jpg?width=1200,https://commons.wikimedia.org/wiki/File:Hornbill_2.jpg,"Rangkong badak (Buceros rhinoceros) merupakan entri leksikon fauna dalam kingdom Animalia, phylum Chordata, dan kelas Aves. Spesies ini tercatat pada family Bucerotidae dan genus Buceros. Nama Inggris yang tercatat adalah Rhinoceros Hornbill.",Generated from validated project taxonomy fields
rangkong_gading,https://commons.wikimedia.org/wiki/Special:Redirect/file/Helmeted_Hornbill.jpg?width=1200,https://commons.wikimedia.org/wiki/File:Helmeted_Hornbill.jpg,"Rangkong gading (Rhinoplax vigil) merupakan entri leksikon fauna dalam kingdom Animalia, phylum Chordata, dan kelas Aves. Spesies ini tercatat pada family Bucerotidae dan genus Rhinoplax. Nama Inggris yang tercatat adalah Helmeted Hornbill.",Generated from validated project taxonomy fields
buaya_muara,https://commons.wikimedia.org/wiki/Special:Redirect/file/Laurie%27s_crocodile_in_the_garden.jpg?width=1200,https://commons.wikimedia.org/wiki/File:Laurie%27s_crocodile_in_the_garden.jpg,"Buaya muara (Crocodylus porosus) merupakan entri leksikon fauna dalam kingdom Animalia, phylum Chordata, dan kelas Crocodylia. Spesies ini tercatat pada family Crocodylidae dan genus Crocodylus. Nama Inggris yang tercatat adalah Saltwater Crocodile.",Generated from validated project taxonomy fields
buaya_siam,https://commons.wikimedia.org/wiki/Special:Redirect/file/Siamese_Crocodiles_at_Samphran_Elephant_Ground_%26_Zoo_%28II%29.jpg?width=1200,https://commons.wikimedia.org/wiki/File:Siamese_Crocodiles_at_Samphran_Elephant_Ground_%26_Zoo_%28II%29.jpg,"Buaya Siam (Crocodylus siamensis) merupakan entri leksikon fauna dalam kingdom Animalia, phylum Chordata, dan kelas Crocodylia. Spesies ini tercatat pada family Crocodylidae dan genus Crocodylus. Nama Inggris yang tercatat adalah Siamese crocodile.",Generated from validated project taxonomy fields
penyu_hijau,https://commons.wikimedia.org/wiki/Special:Redirect/file/Green_sea_turtle_%28Chelonia_mydas%29_Moorea.jpg?width=1200,https://commons.wikimedia.org/wiki/File:Green_sea_turtle_%28Chelonia_mydas%29_Moorea.jpg,"Penyu hijau (Chelonia mydas) merupakan entri leksikon fauna dalam kingdom Animalia, phylum Chordata, dan kelas Reptilia. Spesies ini tercatat pada family Cheloniidae dan genus Chelonia. Nama Inggris yang tercatat adalah Green Turtle.",Generated from validated project taxonomy fields
penyu_sisik,https://commons.wikimedia.org/wiki/Special:Redirect/file/Tortuga_carey_%28Eretmochelys_imbricata%29%2C_parque_nacional_Ras_Muhammad%2C_Egipto%2C_2022-03-28%2C_DD_56.jpg?width=1200,https://commons.wikimedia.org/wiki/File:Tortuga_carey_%28Eretmochelys_imbricata%29%2C_parque_nacional_Ras_Muhammad%2C_Egipto%2C_2022-03-28%2C_DD_56.jpg,"Penyu sisik (Eretmochelys imbricata) merupakan entri leksikon fauna dalam kingdom Animalia, phylum Chordata, dan kelas Reptilia. Spesies ini tercatat pada family Cheloniidae dan genus Eretmochelys. Nama Inggris yang tercatat adalah hawksbill sea turtle.",Generated from validated project taxonomy fields
sanca_kembang,https://commons.wikimedia.org/wiki/Special:Redirect/file/Python_reticulatus_%D1%81%D0%B5%D1%82%D1%87%D0%B0%D1%82%D1%8B%D0%B9_%D0%BF%D0%B8%D1%82%D0%BE%D0%BD-2.jpg?width=1200,https://commons.wikimedia.org/wiki/File:Python_reticulatus_%D1%81%D0%B5%D1%82%D1%87%D0%B0%D1%82%D1%8B%D0%B9_%D0%BF%D0%B8%D1%82%D0%BE%D0%BD-2.jpg,"Ular sanca kembang (Malayopython reticulatus) merupakan entri leksikon fauna dalam kingdom Animalia, phylum Chordata, dan kelas Reptilia. Spesies ini tercatat pada family Pythonidae dan genus Malayopython. Nama Inggris yang tercatat adalah Reticulated python.",Generated from validated project taxonomy fields
ular_sendok_jawa,https://commons.wikimedia.org/wiki/Special:Redirect/file/Naja_sputatrix.jpg?width=1200,https://commons.wikimedia.org/wiki/File:Naja_sputatrix.jpg,"Ular sendok jawa (Naja sputatrix) merupakan entri leksikon fauna dalam kingdom Animalia, phylum Chordata, dan kelas Reptilia. Spesies ini tercatat pada family Elapidae dan genus Naja. Nama Inggris yang tercatat adalah Javan spitting cobra.",Generated from validated project taxonomy fields
duyung,https://commons.wikimedia.org/wiki/Special:Redirect/file/Dugong_Marsa_Alam.jpg?width=1200,https://commons.wikimedia.org/wiki/File:Dugong_Marsa_Alam.jpg,"Dugong (Dugong dugon) merupakan entri leksikon fauna dalam kingdom Animalia, phylum Chordata, dan kelas Mammalia. Spesies ini tercatat pada family Dugongidae dan genus Dugong. Nama Inggris yang tercatat adalah dugong.",Generated from validated project taxonomy fields
ikan_raja_laut,https://commons.wikimedia.org/wiki/Special:Redirect/file/Latimeria_menadoensis.jpg?width=1200,https://commons.wikimedia.org/wiki/File:Latimeria_menadoensis.jpg,"Coelacanth Indonesia (Latimeria menadoensis) merupakan entri leksikon fauna dalam kingdom Animalia, phylum Chordata, dan kelas Coelacanthi. Spesies ini tercatat pada family Latimeriidae dan genus Latimeria. Nama Inggris yang tercatat adalah Sulawesi Coelacanth.",Generated from validated project taxonomy fields
arwana_asia,https://commons.wikimedia.org/wiki/Special:Redirect/file/Arowana.jpg?width=1200,https://commons.wikimedia.org/wiki/File:Arowana.jpg,"Arwana Asia (Scleropages formosus) merupakan entri leksikon fauna dalam kingdom Animalia, phylum Chordata, dan kelas Teleostei. Spesies ini tercatat pada family Osteoglossidae dan genus Scleropages. Nama Inggris yang tercatat adalah Asian arowana.",Generated from validated project taxonomy fields
kupu_kupu_sayap_burung_wallace,https://commons.wikimedia.org/wiki/Special:Redirect/file/Ocroesus.jpg?width=1200,https://commons.wikimedia.org/wiki/File:Ocroesus.jpg,"Kupu Kupu Sayap Burung Wallace (Ornithoptera croesus) merupakan entri leksikon fauna dalam kingdom Animalia, phylum Arthropoda, dan kelas Insecta. Spesies ini tercatat pada family Papilionidae dan genus Ornithoptera. Nama Inggris yang tercatat adalah Wallace's Golden Birdwing.",Generated from validated project taxonomy fields
kupu_kupu_sayap_burung_surga,https://commons.wikimedia.org/wiki/Special:Redirect/file/Paradisea_male_P3010006.jpg?width=1200,https://commons.wikimedia.org/wiki/File:Paradisea_male_P3010006.jpg,"Kupu-kupu sayap-burung surga (Ornithoptera paradisea) merupakan entri leksikon fauna dalam kingdom Animalia, phylum Arthropoda, dan kelas Insecta. Spesies ini tercatat pada family Papilionidae dan genus Ornithoptera. Nama Inggris yang tercatat adalah Paradise Birdwing.",Generated from validated project taxonomy fields
